"country","iso2c","year","gdp_pc_ppp","edu_exp_gdp","tertiary_enr","literacy","region","income","grupo_desarrollo"
"Afghanistan","AF",2011,1744.06062321558,3.4620099067688,3.68686008453369,31.4500007629394,"South Asia","Low income","Países emergentes y en desarrollo"
"Albania","AL",2012,10463.6062414773,3.29533986928598,58.6214186004979,97.25,"Europe & Central Asia","Upper middle income","Países emergentes y en desarrollo"
"Albania","AL",2011,10273.466834566,3.17881310743026,49.3997040639925,96.8499984741211,"Europe & Central Asia","Upper middle income","Países emergentes y en desarrollo"
"Albania","AL",2017,13004.7776256846,3.61172008514404,58.0177836674929,98.8199996948242,"Europe & Central Asia","Upper middle income","Países emergentes y en desarrollo"
"Angola","AO",2015,7119.72644274401,3.48689580393413,8.78320868033121,66.2399978637695,"Sub-Saharan Africa","Lower middle income","Países emergentes y en desarrollo"
"Argentina","AR",2001,11117.754923787,4.833740234375,58.4697608947754,97.1900024414062,"Latin America & Caribbean","Upper middle income","Países emergentes y en desarrollo"
"Armenia","AM",2011,7624.26772626905,3.14385008811951,51.2949290708131,99.7399978637695,"Europe & Central Asia","Upper middle income","Países emergentes y en desarrollo"
"Armenia","AM",2017,12066.0043093819,2.70759010314941,55.5065519523494,99.7399978637695,"Europe & Central Asia","Upper middle income","Países emergentes y en desarrollo"
"Armenia","AM",2001,2844.36266367009,2.46943998336792,31.3409194946289,99.4000015258789,"Europe & Central Asia","Upper middle income","Países emergentes y en desarrollo"
"Armenia","AM",2016,10570.2720413936,2.75812005996704,54.3432877365993,99.7399978637695,"Europe & Central Asia","Upper middle income","Países emergentes y en desarrollo"
"Aruba","AW",2010,33729.5119105028,6.75109004974365,36.0625305175781,96.8199996948242,"Latin America & Caribbean","High income","Países de altos ingresos"
"Azerbaijan","AZ",2015,15075.272634791,2.95167994499206,25.4831961094662,99.7900009155273,"Europe & Central Asia","Upper middle income","Países emergentes y en desarrollo"
"Azerbaijan","AZ",2016,14535.8020210633,2.90340995788574,27.2368629930846,99.7900009155273,"Europe & Central Asia","Upper middle income","Países emergentes y en desarrollo"
"Azerbaijan","AZ",2014,17563.6122454385,2.63303995132446,23.1597349800287,99.7900009155273,"Europe & Central Asia","Upper middle income","Países emergentes y en desarrollo"
"Azerbaijan","AZ",2009,14245.5035454881,3.22430992126465,19.057710647583,99.7600021362305,"Europe & Central Asia","Upper middle income","Países emergentes y en desarrollo"
"Azerbaijan","AZ",2017,14315.929643106,2.4738199710846,28.4670565431322,99.7900009155273,"Europe & Central Asia","Upper middle income","Países emergentes y en desarrollo"
"Azerbaijan","AZ",2013,17267.5118919537,2.44213008880615,21.4404253568261,99.7900009155273,"Europe & Central Asia","Upper middle income","Países emergentes y en desarrollo"
"Azerbaijan","AZ",2010,14930.4100337944,2.78062009811401,19.2600431394615,99.7699966430664,"Europe & Central Asia","Upper middle income","Países emergentes y en desarrollo"
"Azerbaijan","AZ",2011,14804.5744507911,2.43564009666443,19.6473062365442,99.7799987792969,"Europe & Central Asia","Upper middle income","Países emergentes y en desarrollo"
"Azerbaijan","AZ",2012,15994.1466501837,2.06763005256653,20.4384614704139,99.7799987792969,"Europe & Central Asia","Upper middle income","Países emergentes y en desarrollo"
"Azerbaijan","AZ",2019,16675.3179361558,3.1764600276947,32.9221812477847,99.8000030517578,"Europe & Central Asia","Upper middle income","Países emergentes y en desarrollo"
"Azerbaijan","AZ",2007,11973.9596381455,2.5492799282074,19.3645992279053,99.5899963378906,"Europe & Central Asia","Upper middle income","Países emergentes y en desarrollo"
"Bangladesh","BD",2014,3972.50647733491,2.09871663086838,13.5777392703559,61.0900001525879,"South Asia","Lower middle income","Países emergentes y en desarrollo"
"Bangladesh","BD",2016,4579.13228682862,1.28183996677399,17.3985207411042,72.7600021362305,"South Asia","Lower middle income","Países emergentes y en desarrollo"
"Bangladesh","BD",2011,3051.26983271811,2.13269996643066,13.2663245348367,58.7700004577637,"South Asia","Lower middle income","Países emergentes y en desarrollo"
"Bangladesh","BD",2015,4212.23578089428,1.87225417109978,15.5739926180902,65.1399993896484,"South Asia","Lower middle income","Países emergentes y en desarrollo"
"Bangladesh","BD",2013,3691.10431102117,1.96616005897522,13.4900578063704,61.0200004577637,"South Asia","Lower middle income","Países emergentes y en desarrollo"
"Bangladesh","BD",2012,3434.27815090447,2.17549991607666,13.4211598649529,57.8600006103516,"South Asia","Lower middle income","Países emergentes y en desarrollo"
"Bangladesh","BD",2019,6047.12401504125,1.13094997406006,22.7094642473405,74.6800003051758,"South Asia","Lower middle income","Países emergentes y en desarrollo"
"Bangladesh","BD",2017,4882.60692615639,2.11342875356648,18.5175604399834,72.8899993896484,"South Asia","Lower middle income","Países emergentes y en desarrollo"
"Bangladesh","BD",2018,5490.15881865179,2.09477473545666,19.5710492453779,73.9100036621094,"South Asia","Lower middle income","Países emergentes y en desarrollo"
"Bangladesh","BD",2001,1597.58740614435,2.17193007469177,6.17244005203247,47.4900016784668,"South Asia","Lower middle income","Países emergentes y en desarrollo"
"Belarus","BY",2009,14034.1911206837,4.3689398765564,75.3678512573242,99.620002746582,"Europe & Central Asia","Upper middle income","Países emergentes y en desarrollo"
"Belarus","BY",2019,22301.5932411839,4.97948980331421,81.2921953254514,99.870002746582,"Europe & Central Asia","Upper middle income","Países emergentes y en desarrollo"
"Belize","BZ",2015,9538.19054142614,5.35711002349854,23.4350622690571,90.9199981689453,"Latin America & Caribbean","Upper middle income","Países emergentes y en desarrollo"
"Benin","BJ",2002,1799.88269639499,2.15949010848999,4.92833995819092,34.6599998474121,"Sub-Saharan Africa","Lower middle income","Países emergentes y en desarrollo"
"Benin","BJ",2017,2885.89383987721,3.53558993339539,11.337929725647,38.8699989318848,"Sub-Saharan Africa","Lower middle income","Países emergentes y en desarrollo"
"Benin","BJ",2013,2511.65309588333,3.3275101184845,14.7752199172974,45.0800018310547,"Sub-Saharan Africa","Lower middle income","Países emergentes y en desarrollo"
"Benin","BJ",2019,3148.97969597838,2.73204741460628,10.3906803131103,49,"Sub-Saharan Africa","Lower middle income","Países emergentes y en desarrollo"
"Bhutan","BT",2005,4523.35970644529,6.76420021057129,4.87233018875122,52.810001373291,"South Asia","Lower middle income","Países emergentes y en desarrollo"
"Bhutan","BT",2017,11677.4142659974,6.6172399520874,14.8354989456323,66.5599975585938,"South Asia","Lower middle income","Países emergentes y en desarrollo"
"Brazil","BR",2017,14559.0488897004,6.32047986984253,50.0267486572266,93.0800018310547,"Latin America & Caribbean","Upper middle income","Países emergentes y en desarrollo"
"Brazil","BR",2018,15463.7426393889,6.08851003646851,51.1916885375977,93.2300033569336,"Latin America & Caribbean","Upper middle income","Países emergentes y en desarrollo"
"Brazil","BR",2015,14821.4383174534,6.24105978012085,48.4340400695801,92.0500030517578,"Latin America & Caribbean","Upper middle income","Países emergentes y en desarrollo"
"Brazil","BR",2012,15198.0863308622,5.85510015487671,43.2308616638184,91.3399963378906,"Latin America & Caribbean","Upper middle income","Países emergentes y en desarrollo"
"Brazil","BR",2016,14309.2061489274,6.314040184021,48.3333396911621,92.8099975585938,"Latin America & Caribbean","Upper middle income","Países emergentes y en desarrollo"
"Brazil","BR",2013,15722.3335242901,5.8388500213623,44.3393707275391,91.4800033569336,"Latin America & Caribbean","Upper middle income","Países emergentes y en desarrollo"
"Brazil","BR",2014,15827.3081625514,5.94848012924194,47.1568717956543,91.7300033569336,"Latin America & Caribbean","Upper middle income","Países emergentes y en desarrollo"
"Brazil","BR",2019,16069.8380152627,5.96346998214722,52.6240615844727,93.9019248012051,"Latin America & Caribbean","Upper middle income","Países emergentes y en desarrollo"
"Brunei Darussalam","BN",2011,82735.3914838894,3.32213997840881,17.4270912772504,96.0899963378906,"East Asia & Pacific","High income","Países de altos ingresos"
"Bulgaria","BG",2011,15747.4201648316,3.54690003395081,59.8246803283691,98.3499984741211,"Europe & Central Asia","High income","Países de altos ingresos"
"Bulgaria","BG",2001,6961.03996834328,3.38423991203308,41.0407791137695,98.1999969482422,"Europe & Central Asia","High income","Países de altos ingresos"
"Burkina Faso","BF",2005,1171.76432319587,3.94113993644714,2.14314007759094,23.5200004577637,"Sub-Saharan Africa","Low income","Países emergentes y en desarrollo"
"Burkina Faso","BF",2006,1244.00243844319,3.98218989372253,2.25787997245789,22.4699993133545,"Sub-Saharan Africa","Low income","Países emergentes y en desarrollo"
"Burkina Faso","BF",2019,2232.16282016585,5.45615632520251,6.90532594926159,29.6599998474121,"Sub-Saharan Africa","Low income","Países emergentes y en desarrollo"
"Burkina Faso","BF",2018,2073.3235382155,5.488609790802,6.31826110291158,39.3499984741211,"Sub-Saharan Africa","Low income","Países emergentes y en desarrollo"
"Burkina Faso","BF",2014,1661.31773793757,4.05329990386963,4.89539917725699,34.5999984741211,"Sub-Saharan Africa","Low income","Países emergentes y en desarrollo"
"Burkina Faso","BF",2007,1290.49951017424,4.07983016967773,2.40549993515015,27.8799991607666,"Sub-Saharan Africa","Low income","Países emergentes y en desarrollo"
"Burundi","BI",2000,519.115060396355,2.64547991752625,1.05474996566773,59.2999992370605,"Sub-Saharan Africa","Low income","Países emergentes y en desarrollo"
"Burundi","BI",2014,724.360357491385,6.78452014923096,4.46892058042299,61.2900009155273,"Sub-Saharan Africa","Low income","Países emergentes y en desarrollo"
"Burundi","BI",2017,761.26925722129,4.76202011108398,4.30528005798307,68.379997253418,"Sub-Saharan Africa","Low income","Países emergentes y en desarrollo"
"Burundi","BI",2016,771.987433717541,4.69199991226196,3.97908916361797,65.6900024414062,"Sub-Saharan Africa","Low income","Países emergentes y en desarrollo"
"Burundi","BI",2008,608.67043831072,5.19290018081665,2.49793004989624,48.0800018310547,"Sub-Saharan Africa","Low income","Países emergentes y en desarrollo"
"Cabo Verde","CV",2012,6318.06108723364,5.39769575795208,19.8951290654347,85.3300018310547,"Sub-Saharan Africa","Lower middle income","Países emergentes y en desarrollo"
"Cabo Verde","CV",2009,5900.66086529142,4.86586999893188,14.5845203399658,82.2123790224733,"Sub-Saharan Africa","Lower middle income","Países emergentes y en desarrollo"
"Cabo Verde","CV",2015,6773.48679969386,4.80622005462646,22.524027665499,86.7900009155273,"Sub-Saharan Africa","Lower middle income","Países emergentes y en desarrollo"
"Cambodia","KH",2009,2854.03288376549,1.38576996326447,10.6747398376465,76.1399993896484,"East Asia & Pacific","Lower middle income","Países emergentes y en desarrollo"
"Cambodia","KH",2019,6153.99439528427,2.13345387893978,12.9409846754696,87.6600036621094,"East Asia & Pacific","Lower middle income","Países emergentes y en desarrollo"
"Cambodia","KH",2004,1769.76235025244,1.56036996841431,3.07344007492065,73.6100006103516,"East Asia & Pacific","Lower middle income","Países emergentes y en desarrollo"
"Cameroon","CM",2007,2817.7222811838,2.87815999984741,7.57396984100342,70.6800003051758,"Sub-Saharan Africa","Lower middle income","Países emergentes y en desarrollo"
"Cameroon","CM",2000,2108.49454959751,1.70284998416901,4.69010019302368,68.4100036621094,"Sub-Saharan Africa","Lower middle income","Países emergentes y en desarrollo"
"Cameroon","CM",2010,2913.94292755606,2.84803009033203,11.5745716750246,71.1900024414062,"Sub-Saharan Africa","Lower middle income","Países emergentes y en desarrollo"
"Cameroon","CM",2018,4010.76360069526,3.03096008300781,14.5449548868213,72.5500030517578,"Sub-Saharan Africa","Lower middle income","Países emergentes y en desarrollo"
"Central African Republic","CF",2000,639.836997022267,1.61265003681183,1.94369995594025,50.6500015258789,"Sub-Saharan Africa","Low income","Países emergentes y en desarrollo"
"Chad","TD",2000,1039.06955283557,2.64670991897583,0.79297000169754,25.6499996185303,"Sub-Saharan Africa","Low income","Países emergentes y en desarrollo"
"Chad","TD",2004,1800.4564602371,1.59294998645782,1.20975995063782,28.3799991607666,"Sub-Saharan Africa","Low income","Países emergentes y en desarrollo"
"Chile","CL",2011,20121.6834214209,4.0617299079895,70.8241806030273,96.6999969482422,"Latin America & Caribbean","High income","Países de altos ingresos"
"Chile","CL",2002,10133.404114206,4.04881000518799,40.2664985656738,95.7200012207031,"Latin America & Caribbean","High income","Países de altos ingresos"
"Chile","CL",2013,22201.0660684337,4.54814004898071,79.8703384399414,96.2699966430664,"Latin America & Caribbean","High income","Países de altos ingresos"
"Chile","CL",2017,24295.223766602,5.43278980255127,89.921989440918,96.4000015258789,"Latin America & Caribbean","High income","Países de altos ingresos"
"Chile","CL",2015,22457.8800614565,4.90390014648438,86.4181137084961,96.870002746582,"Latin America & Caribbean","High income","Países de altos ingresos"
"Colombia","CO",2007,9909.29031403767,4.08301019668579,35.4785308837891,92.6500015258789,"Latin America & Caribbean","Upper middle income","Países emergentes y en desarrollo"
"Colombia","CO",2019,16181.5908990662,4.51069021224976,56.6663017272949,95.25,"Latin America & Caribbean","Upper middle income","Países emergentes y en desarrollo"
"Colombia","CO",2009,10367.3489557519,4.77651977539062,39.5088005065918,93.2399978637695,"Latin America & Caribbean","Upper middle income","Países emergentes y en desarrollo"
"Colombia","CO",2016,14026.8399931053,4.47721004486084,57.1437492370605,94.6500015258789,"Latin America & Caribbean","Upper middle income","Países emergentes y en desarrollo"
"Colombia","CO",2006,9154.08926196511,3.91671991348267,34.3662109375,92.3000030517578,"Latin America & Caribbean","Upper middle income","Países emergentes y en desarrollo"
"Colombia","CO",2008,10307.0649878854,3.9387800693512,37.9448013305664,93.379997253418,"Latin America & Caribbean","Upper middle income","Países emergentes y en desarrollo"
"Colombia","CO",2017,14400.6139849314,4.53551006317139,58.3960418701172,94.8927138785262,"Latin America & Caribbean","Upper middle income","Países emergentes y en desarrollo"
"Colombia","CO",2018,15239.4049488277,4.44910001754761,57.3205413818359,95.0899963378906,"Latin America & Caribbean","Upper middle income","Países emergentes y en desarrollo"
"Colombia","CO",2010,10841.1279801312,4.83382987976074,41.529670715332,93.370002746582,"Latin America & Caribbean","Upper middle income","Países emergentes y en desarrollo"
"Colombia","CO",2004,7909.34635155695,4.07934999465942,29.5034599304199,92.8000030517578,"Latin America & Caribbean","Upper middle income","Países emergentes y en desarrollo"
"Colombia","CO",2005,8432.33329078314,4.02098989486694,32.253978729248,92.8499984741211,"Latin America & Caribbean","Upper middle income","Países emergentes y en desarrollo"
"Colombia","CO",2015,13332.0555048211,4.47038984298706,54.7961311340332,94.25,"Latin America & Caribbean","Upper middle income","Países emergentes y en desarrollo"
"Colombia","CO",2014,13355.3624162195,4.62945985794067,53.1794395446777,94.1900024414062,"Latin America & Caribbean","Upper middle income","Países emergentes y en desarrollo"
"Colombia","CO",2011,11707.4614624747,4.46608018875122,45.2873306274414,93.5800018310547,"Latin America & Caribbean","Upper middle income","Países emergentes y en desarrollo"
"Comoros","KM",2014,2937.61183759802,2.74472999572754,9.5927242808028,73.7981579213275,"Sub-Saharan Africa","Lower middle income","Países emergentes y en desarrollo"
"Congo, Dem. Rep.","CD",2016,913.955559409226,2.1186900138855,5.9003701210022,77.0400009155273,"Sub-Saharan Africa","Low income","Países emergentes y en desarrollo"
"Costa Rica","CR",2011,13614.2603998804,6.37988996505737,44.6711883544922,97.4100036621094,"Latin America & Caribbean","Upper middle income","Países emergentes y en desarrollo"
"Cote d'Ivoire","CI",2014,4074.21445539789,3.31416988372803,7.73897659286671,43.9099998474121,"Sub-Saharan Africa","Lower middle income","Países emergentes y en desarrollo"
"Cote d'Ivoire","CI",2019,5516.39055126829,3.4130699634552,10.3256981639741,56.9804529419494,"Sub-Saharan Africa","Lower middle income","Países emergentes y en desarrollo"
"Cote d'Ivoire","CI",2016,4530.64849808487,3.93593001365662,8.89557845705252,50.0400009155273,"Sub-Saharan Africa","Lower middle income","Países emergentes y en desarrollo"
"Cyprus","CY",2001,22868.671875,5.11552000045776,21.6125202178955,96.8000030517578,"Europe & Central Asia","High income","Países de altos ingresos"
"Cyprus","CY",2011,33406.11328125,6.52042007446289,46.5397300720215,98.6800003051758,"Europe & Central Asia","High income","Países de altos ingresos"
"Dominican Republic","DO",2016,16282.1899127514,3.85049560792469,54.498998211862,93.7799987792969,"Latin America & Caribbean","Upper middle income","Países emergentes y en desarrollo"
"Dominican Republic","DO",2017,16846.2072320323,3.92026752279272,59.9155940980465,93.232235984521,"Latin America & Caribbean","Upper middle income","Países emergentes y en desarrollo"
"Dominican Republic","DO",2015,14804.0974069659,3.60400277306673,51.7471143700009,91.9899978637695,"Latin America & Caribbean","Upper middle income","Países emergentes y en desarrollo"
"Dominican Republic","DO",2014,13464.7925609074,3.62243443144513,49.3192689674723,91.7600021362305,"Latin America & Caribbean","Upper middle income","Países emergentes y en desarrollo"
"Ecuador","EC",2015,10877.7507461388,5.10570001602173,44.5371492743653,94.4599990844727,"Latin America & Caribbean","Upper middle income","Países emergentes y en desarrollo"
"Ecuador","EC",2012,10244.5177816184,4.65310001373291,39.2524690384971,92.0599975585938,"Latin America & Caribbean","Upper middle income","Países emergentes y en desarrollo"
"Ecuador","EC",2013,11295.6127804419,4.92997980117798,39.7734405802353,93.2900009155273,"Latin America & Caribbean","Upper middle income","Países emergentes y en desarrollo"
"Egypt, Arab Rep.","EG",2006,7079.02808456919,4.00178003311157,28.3695907592773,66.370002746582,"Middle East & North Africa","Lower middle income","Países emergentes y en desarrollo"
"Egypt, Arab Rep.","EG",2005,6554.12885095179,4.79442977905273,28.4127006530762,67.3300018310547,"Middle East & North Africa","Lower middle income","Países emergentes y en desarrollo"
"El Salvador","SV",2012,6708.39032246284,3.7124400138855,28.0979076272602,85.468783873428,"Latin America & Caribbean","Upper middle income","Países emergentes y en desarrollo"
"El Salvador","SV",2007,5949.42640611971,3.60984992980957,24.743709564209,82.0299987792969,"Latin America & Caribbean","Upper middle income","Países emergentes y en desarrollo"
"El Salvador","SV",2016,8455.61614773975,3.82523989677429,27.1794802471695,88.1399993896484,"Latin America & Caribbean","Upper middle income","Países emergentes y en desarrollo"
"El Salvador","SV",2008,6174.69155154574,4.45810985565185,25.5441799163818,83.9499969482422,"Latin America & Caribbean","Upper middle income","Países emergentes y en desarrollo"
"El Salvador","SV",2006,5694.52330884091,3.49298000335693,23.2541999816894,83.5599975585938,"Latin America & Caribbean","Upper middle income","Países emergentes y en desarrollo"
"El Salvador","SV",2018,9203.76216310773,3.60575008392334,28.194336537252,89.0100021362305,"Latin America & Caribbean","Upper middle income","Países emergentes y en desarrollo"
"El Salvador","SV",2019,9756.7521864595,3.38710999488831,28.5178063545936,89.1399993896484,"Latin America & Caribbean","Upper middle income","Países emergentes y en desarrollo"
"El Salvador","SV",2009,6062.67571951558,4.65950012207031,25.9216804504394,84.0999984741211,"Latin America & Caribbean","Upper middle income","Países emergentes y en desarrollo"
"El Salvador","SV",2010,6247.91452716829,4.04807996749878,26.3151708858206,84.4899978637695,"Latin America & Caribbean","Upper middle income","Países emergentes y en desarrollo"
"El Salvador","SV",2011,6593.67806808022,3.89854001998901,27.32486420544,85.4899978637695,"Latin America & Caribbean","Upper middle income","Países emergentes y en desarrollo"
"El Salvador","SV",2013,7092.58852133297,3.80149006843567,28.2731299038736,86.7699966430664,"Latin America & Caribbean","Upper middle income","Países emergentes y en desarrollo"
"El Salvador","SV",2017,8965.2189086345,3.7252299785614,27.6409104549006,88.4800033569336,"Latin America & Caribbean","Upper middle income","Países emergentes y en desarrollo"
"El Salvador","SV",2015,7933.73697858999,3.90987992286682,27.3929262374809,87.9700012207031,"Latin America & Caribbean","Upper middle income","Países emergentes y en desarrollo"
"El Salvador","SV",2014,7503.71105811981,3.82416009902954,27.5441027812368,87.4125334516516,"Latin America & Caribbean","Upper middle income","Países emergentes y en desarrollo"
"Eritrea","ER",2002,1701.69523684878,3.52390003204346,2.54442000389099,52.5099983215332,"Sub-Saharan Africa","Low income","Países emergentes y en desarrollo"
"Estonia","EE",2011,24652.3610297918,4.99514007568359,71.0235290527344,99.8899993896484,"Europe & Central Asia","High income","Países de altos ingresos"
"Estonia","EE",2000,9422.49706491914,5.33945989608765,54.4018287658691,99.7699966430664,"Europe & Central Asia","High income","Países de altos ingresos"
"Eswatini","SZ",2000,4422.62770357704,5.50848007202148,4.26582002639771,81.6600036621094,"Sub-Saharan Africa","Lower middle income","Países emergentes y en desarrollo"
"Georgia","GE",2002,3718.68693255545,2.23501992225647,44.0944595336914,99.6500015258789,"Europe & Central Asia","Upper middle income","Países emergentes y en desarrollo"
"Georgia","GE",2018,15021.9057577433,3.46094989776611,66.747813990461,99.6500015258789,"Europe & Central Asia","Upper middle income","Países emergentes y en desarrollo"
"Georgia","GE",2019,16770.1333771469,3.82985997200012,69.6463934713126,99.9020818812072,"Europe & Central Asia","Upper middle income","Países emergentes y en desarrollo"
"Georgia","GE",2014,11770.6989360253,2.94113947736272,46.3290537874173,99.5899963378906,"Europe & Central Asia","Upper middle income","Países emergentes y en desarrollo"
"Georgia","GE",2017,13718.9378669764,3.52442002296448,63.535040959252,99.3600006103516,"Europe & Central Asia","Upper middle income","Países emergentes y en desarrollo"
"Ghana","GH",2017,5170.96094857439,3.53362989425659,16.2065694246062,64.4899978637695,"Sub-Saharan Africa","Lower middle income","Países emergentes y en desarrollo"
"Ghana","GH",2015,5191.37053389659,4.4340500831604,15.5618871637579,60.2198906165104,"Sub-Saharan Africa","Lower middle income","Países emergentes y en desarrollo"
"Greece","GR",2001,20306.0878366634,3.47308993339539,59.9249114990234,95.9899978637695,"Europe & Central Asia","High income","Países de altos ingresos"
"Guatemala","GT",2014,8236.65843728602,2.98562002182007,18.255292159465,81.2900009155273,"Latin America & Caribbean","Upper middle income","Países emergentes y en desarrollo"
"Guatemala","GT",2013,7699.94919048168,2.88808989524841,19.5737030720879,77.0400009155273,"Latin America & Caribbean","Upper middle income","Países emergentes y en desarrollo"
"Guatemala","GT",2012,7258.31667467883,3.00524997711182,16.8753678874298,78.2600021362305,"Latin America & Caribbean","Upper middle income","Países emergentes y en desarrollo"
"Guatemala","GT",2015,8934.00235466215,3.03032994270325,21.9573684260954,80.1999969482422,"Latin America & Caribbean","Upper middle income","Países emergentes y en desarrollo"
"Guinea","GN",2014,1873.21413058957,2.42281007766724,10.8547201156616,32,"Sub-Saharan Africa","Lower middle income","Países emergentes y en desarrollo"
"Guinea","GN",2010,1621.69161141242,2.55118989944458,10.5439796447754,25.3099994659424,"Sub-Saharan Africa","Lower middle income","Países emergentes y en desarrollo"
"Honduras","HN",2014,4460.05742833175,7.0901198387146,19.7241865242748,87.1999969482422,"Latin America & Caribbean","Lower middle income","Países emergentes y en desarrollo"
"Honduras","HN",2015,4845.59566521125,6.41297006607056,20.3152639116671,87.9100036621094,"Latin America & Caribbean","Lower middle income","Países emergentes y en desarrollo"
"Honduras","HN",2019,5784.93081057111,5.98198266311593,25.3231382609304,88.5100021362305,"Latin America & Caribbean","Lower middle income","Países emergentes y en desarrollo"
"Honduras","HN",2012,4016.34609101801,6.29972793577391,18.9442917508647,85.3600006103516,"Latin America & Caribbean","Lower middle income","Países emergentes y en desarrollo"
"Honduras","HN",2013,4137.3268237781,5.87492990493774,19.4476759264062,85.4599990844727,"Latin America & Caribbean","Lower middle income","Países emergentes y en desarrollo"
"Honduras","HN",2018,5633.3832384519,6.05646991729736,26.3838242053705,87.2099990844727,"Latin America & Caribbean","Lower middle income","Países emergentes y en desarrollo"
"Honduras","HN",2016,5186.15897417161,6.09509492079297,21.0025442228384,88.9899978637695,"Latin America & Caribbean","Lower middle income","Países emergentes y en desarrollo"
"India","IN",2010,4206.45986002117,3.377690076828,18.5417674124116,68.3354718669705,"South Asia","Lower middle income","Países emergentes y en desarrollo"
"India","IN",2018,6714.96639877754,4.36373996734619,28.3540737878038,73.6975430256976,"South Asia","Lower middle income","Países emergentes y en desarrollo"
"India","IN",2019,7150.92423452926,3.89732003211975,28.7996949674505,74.9084268267486,"South Asia","Lower middle income","Países emergentes y en desarrollo"
"India","IN",2011,4454.70153200513,3.79618000984192,23.2662700315422,69.3000030517578,"South Asia","Lower middle income","Países emergentes y en desarrollo"
"India","IN",2006,3220.62692939401,3.14284992218018,11.9628095626831,62.75,"South Asia","Lower middle income","Países emergentes y en desarrollo"
"India","IN",2012,4819.64288218731,3.8675000667572,24.7312097156735,69.8350587234791,"South Asia","Lower middle income","Países emergentes y en desarrollo"
"Indonesia","ID",2008,7569.25304691272,2.90190005302429,20.5209503173828,92.1900024414062,"East Asia & Pacific","Upper middle income","Países emergentes y en desarrollo"
"Indonesia","ID",2014,10064.677127417,3.28800988197327,29.9904910473273,95.120002746582,"East Asia & Pacific","Upper middle income","Países emergentes y en desarrollo"
"Indonesia","ID",2018,11372.0971987612,0.994436460846179,36.1494878042588,95.6600036621094,"East Asia & Pacific","Upper middle income","Países emergentes y en desarrollo"
"Indonesia","ID",2010,8353.45684733249,2.81227993965149,23.4159086398462,92.3199996948242,"East Asia & Pacific","Upper middle income","Países emergentes y en desarrollo"
"Indonesia","ID",2004,5700.04949535761,2.7484700679779,16.1766300201416,90.379997253418,"East Asia & Pacific","Upper middle income","Países emergentes y en desarrollo"
"Indonesia","ID",2016,10262.5951651871,1.21023452496964,34.8307173410877,95.379997253418,"East Asia & Pacific","Upper middle income","Países emergentes y en desarrollo"
"Indonesia","ID",2009,7868.14818333554,3.52513003349304,22.6933307647705,92.5800018310547,"East Asia & Pacific","Upper middle income","Países emergentes y en desarrollo"
"Indonesia","ID",2011,8936.99215549454,3.18944001197815,25.027444191823,92.8099975585938,"East Asia & Pacific","Upper middle income","Países emergentes y en desarrollo"
"Indonesia","ID",2015,10027.5372996025,3.58360004425049,32.4590200433758,95.2200012207031,"East Asia & Pacific","Upper middle income","Países emergentes y en desarrollo"
"Iran, Islamic Rep.","IR",2015,13689.7646428107,2.62911009788513,70.6858520507812,85.2832494703047,"Middle East & North Africa","Upper middle income","Países emergentes y en desarrollo"
"Iran, Islamic Rep.","IR",2011,18487.0762403762,3.48497009277344,48.0596084594727,83.5199966430664,"Middle East & North Africa","Upper middle income","Países emergentes y en desarrollo"
"Iran, Islamic Rep.","IR",2014,15408.0965115311,2.61668992042542,64.4999084472656,84.7099990844727,"Middle East & North Africa","Upper middle income","Países emergentes y en desarrollo"
"Iran, Islamic Rep.","IR",2012,16325.2010690607,2.93899989128113,53.9002494812012,83.629997253418,"Middle East & North Africa","Upper middle income","Países emergentes y en desarrollo"
"Iran, Islamic Rep.","IR",2010,17865.9413811134,3.70918011665344,42.5482215881348,83.6643491892657,"Middle East & North Africa","Upper middle income","Países emergentes y en desarrollo"
"Iran, Islamic Rep.","IR",2019,13348.4109509839,3.24005007743835,58.1169509887695,87.3787031852537,"Middle East & North Africa","Upper middle income","Países emergentes y en desarrollo"
"Iran, Islamic Rep.","IR",2009,16894.2354038807,3.84244990348816,36.4833183288574,83.2214822879675,"Middle East & North Africa","Upper middle income","Países emergentes y en desarrollo"
"Iran, Islamic Rep.","IR",2017,15070.2585821031,3.45956993103027,66.351448059082,85.9467259623201,"Middle East & North Africa","Upper middle income","Países emergentes y en desarrollo"
"Iran, Islamic Rep.","IR",2018,14839.5691945218,3.61979007720947,60.8611488342285,86.8687468655024,"Middle East & North Africa","Upper middle income","Países emergentes y en desarrollo"
"Iran, Islamic Rep.","IR",2002,12040.8612168067,4.48487997055054,18.2758693695068,77,"Middle East & North Africa","Upper middle income","Países emergentes y en desarrollo"
"Iran, Islamic Rep.","IR",2016,14573.3219668948,3.17396998405456,67.9112319946289,85.5400009155273,"Middle East & North Africa","Upper middle income","Países emergentes y en desarrollo"
"Iran, Islamic Rep.","IR",2005,14402.1053422847,4.05650997161865,22.6841907501221,82.4400024414062,"Middle East & North Africa","Upper middle income","Países emergentes y en desarrollo"
"Iran, Islamic Rep.","IR",2008,16830.9366180679,3.91375994682312,36.1939392089844,82.9599990844727,"Middle East & North Africa","Upper middle income","Países emergentes y en desarrollo"
"Iran, Islamic Rep.","IR",2013,15552.0130607852,2.85279011726379,56.4632682800293,84.629997253418,"Middle East & North Africa","Upper middle income","Países emergentes y en desarrollo"
"Iran, Islamic Rep.","IR",2006,15256.2709036935,4.28998994827271,25.3070392608643,82.3300018310547,"Middle East & North Africa","Upper middle income","Países emergentes y en desarrollo"
"Italy","IT",2011,36392.2827759493,4.09430980682373,64.2492523193359,98.8499984741211,"Europe & Central Asia","High income","Países de altos ingresos"
"Italy","IT",2001,28137.0558622418,4.63415002822876,53.4531898498535,98.4199981689453,"Europe & Central Asia","High income","Países de altos ingresos"
"Italy","IT",2019,46661.9105159611,4.07843017578125,65.6895065307617,99.3499984741211,"Europe & Central Asia","High income","Países de altos ingresos"
"Jordan","JO",2011,9631.9289925536,3.59900580598478,37.4216386327285,95.9000015258789,"Middle East & North Africa","Lower middle income","Países emergentes y en desarrollo"
"Jordan","JO",2012,9738.53746926194,3.63716008451231,43.9161464129347,97.8899993896484,"Middle East & North Africa","Lower middle income","Países emergentes y en desarrollo"
"Jordan","JO",2010,9416.64386806071,3.16850989003323,37.7581337455828,92.5500030517578,"Middle East & North Africa","Lower middle income","Países emergentes y en desarrollo"
"Jordan","JO",2018,9042.39781871198,2.95461988449097,31.5562985544301,95.4300003051758,"Middle East & North Africa","Lower middle income","Países emergentes y en desarrollo"
"Kenya","KE",2000,1906.89794095999,5.1867299079895,2.81501007080078,82.2300033569336,"Sub-Saharan Africa","Lower middle income","Países emergentes y en desarrollo"
"Kuwait","KW",2018,51370.7320487321,6.39165256830382,52.1066893601774,96.0599975585938,"Middle East & North Africa","High income","Países de altos ingresos"
"Kuwait","KW",2017,46565.5499003014,6.35444222156987,54.9159622359267,96.0400009155273,"Middle East & North Africa","High income","Países de altos ingresos"
"Kyrgyz Republic","KG",2009,3096.93814114872,6.23267984390259,43.4328689575195,99.2399978637695,"Europe & Central Asia","Lower middle income","Países emergentes y en desarrollo"
"Lao PDR","LA",2001,1908.06236587412,1.9902800321579,3.04713988304138,68.7300033569336,"East Asia & Pacific","Lower middle income","Países emergentes y en desarrollo"
"Lao PDR","LA",2017,7141.90652701767,2.49797261414021,15.4112577339384,73.7200012207031,"East Asia & Pacific","Lower middle income","Países emergentes y en desarrollo"
"Lao PDR","LA",2000,1793.88582607334,1.50369000434876,2.64691996574402,69.5800018310547,"East Asia & Pacific","Lower middle income","Países emergentes y en desarrollo"
"Lao PDR","LA",2005,2519.46135100017,2.4140899181366,7.60128021240234,72.6999969482422,"East Asia & Pacific","Lower middle income","Países emergentes y en desarrollo"
"Lao PDR","LA",2015,6086.0673044622,2.73689787884215,18.1574846273063,84.6600036621094,"East Asia & Pacific","Lower middle income","Países emergentes y en desarrollo"
"Latvia","LV",2011,18618.7015409025,5.24315977096558,67.9534683227539,99.9000015258789,"Europe & Central Asia","High income","Países de altos ingresos"
"Latvia","LV",2000,7840.88147857358,5.40854978561401,56.2438011169434,99.75,"Europe & Central Asia","High income","Países de altos ingresos"
"Lebanon","LB",2018,21985.4884702241,2.6165251225734,47.2296269060678,92.6699981689453,"Middle East & North Africa","Lower middle income","Países emergentes y en desarrollo"
"Lebanon","LB",2019,21710.4648750807,2.51957250612723,50.1483937104215,92.0144800114203,"Middle East & North Africa","Lower middle income","Países emergentes y en desarrollo"
"Lebanon","LB",2007,11355.6629756249,2.58357000350952,40.4916915893555,89.6100006103516,"Middle East & North Africa","Lower middle income","Países emergentes y en desarrollo"
"Lebanon","LB",2009,13586.1444830435,1.76570999622345,41.8963890075684,91.1800003051758,"Middle East & North Africa","Lower middle income","Países emergentes y en desarrollo"
"Lesotho","LS",2000,1272.924433991,10.0915498733521,2.08551001548767,86.25,"Sub-Saharan Africa","Lower middle income","Países emergentes y en desarrollo"
"Lesotho","LS",2006,1813.4444072345,11.2712802886963,3.67536997795105,66.0999984741211,"Sub-Saharan Africa","Lower middle income","Países emergentes y en desarrollo"
"Lesotho","LS",2018,2632.28775223004,7.28360986709595,9.93844298033582,86.2399978637695,"Sub-Saharan Africa","Lower middle income","Países emergentes y en desarrollo"
"Lithuania","LT",2001,9456.87328070018,5.83644008636475,57.3476104736328,99.6500015258789,"Europe & Central Asia","High income","Países de altos ingresos"
"Lithuania","LT",2011,22701.5546059767,5.15469980239868,84.0555877685547,99.8199996948242,"Europe & Central Asia","High income","Países de altos ingresos"
"Macao SAR, China","MO",2001,36220.6349752851,2.71446990966797,50.4305801391602,91.3000030517578,"East Asia & Pacific","High income","Países de altos ingresos"
"Macao SAR, China","MO",2016,107906.815674246,3.09952998161316,79.925,96.5400009155273,"East Asia & Pacific","High income","Países de altos ingresos"
"Macao SAR, China","MO",2006,67201.5209274347,2.19386005401611,49.7756004333496,93.5,"East Asia & Pacific","High income","Países de altos ingresos"
"Macao SAR, China","MO",2011,121075.843709867,2.67528009414673,70.3462105845473,95.6399993896484,"East Asia & Pacific","High income","Países de altos ingresos"
"Madagascar","MG",2012,1463.61756926447,2.34067010879517,4.04987583552392,71.5699996948242,"Sub-Saharan Africa","Low income","Países emergentes y en desarrollo"
"Madagascar","MG",2000,1235.78733941908,2.4386899471283,2.02373003959656,70.6900024414062,"Sub-Saharan Africa","Low income","Países emergentes y en desarrollo"
"Madagascar","MG",2018,1546.59563549795,2.84409999847412,5.11877849200791,76.6800003051758,"Sub-Saharan Africa","Low income","Países emergentes y en desarrollo"
"Malawi","MW",2018,1363.79445595088,3.32295989990234,1.6942403485732,76.7200012207031,"Sub-Saharan Africa","Low income","Países emergentes y en desarrollo"
"Malaysia","MY",2000,13027.2733386657,5.9716100692749,27.5522994995117,88.6900024414062,"East Asia & Pacific","Upper middle income","Países emergentes y en desarrollo"
"Malaysia","MY",2010,20193.4092945433,4.96645021438599,36.6774305573553,93.120002746582,"East Asia & Pacific","Upper middle income","Países emergentes y en desarrollo"
"Malaysia","MY",2017,26415.5960203287,4.6753101348877,42.293211695146,95.0800018310547,"East Asia & Pacific","Upper middle income","Países emergentes y en desarrollo"
"Malaysia","MY",2019,28933.928297233,4.15776014328003,40.8082966813944,94.9700012207031,"East Asia & Pacific","Upper middle income","Países emergentes y en desarrollo"
"Malaysia","MY",2016,25285.8213541391,4.75192022323608,45.4034659569972,94.879997253418,"East Asia & Pacific","Upper middle income","Países emergentes y en desarrollo"
"Malaysia","MY",2018,27793.5674222948,4.47865009307861,43.3100279300797,94.8499984741211,"East Asia & Pacific","Upper middle income","Países emergentes y en desarrollo"
"Maldives","MV",2019,23077.2112236653,4.12356944795488,24.6480059688561,98.2099990844727,"South Asia","Upper middle income","Países emergentes y en desarrollo"
"Maldives","MV",2014,16722.5238573252,3.0885899066925,13.6843761236965,98.6100006103516,"South Asia","Upper middle income","Países emergentes y en desarrollo"
"Maldives","MV",2017,19767.8893613468,3.82268559882407,33.3294981245829,94.5100021362305,"South Asia","Upper middle income","Países emergentes y en desarrollo"
"Mali","ML",2015,2330.24293947692,3.80152010917664,5.12750941173932,33.0699996948242,"Sub-Saharan Africa","Low income","Países emergentes y en desarrollo"
"Mali","ML",2010,1997.68294373356,3.34388995170593,5.50589495885227,31.1000003814697,"Sub-Saharan Africa","Low income","Países emergentes y en desarrollo"
"Mali","ML",2011,2053.38313589339,3.75423002243042,4.96896888641169,30.6200008392334,"Sub-Saharan Africa","Low income","Países emergentes y en desarrollo"
"Malta","MT",2011,29426.0314264997,7.57771015167236,39.4486618041992,93.3099975585938,"Middle East & North Africa","High income","Países de altos ingresos"
"Marshall Islands","MH",2019,6045.06240789858,9.88208961486816,37.3626371015986,98.1800003051758,"East Asia & Pacific","Upper middle income","Países emergentes y en desarrollo"
"Mauritania","MR",2015,3977.61171275863,2.82956598871445,5.88425001273035,65.1100006103516,"Sub-Saharan Africa","Lower middle income","Países emergentes y en desarrollo"
"Mauritania","MR",2013,3831.04711012348,2.29354000091553,5.79601450584933,62.0699996948242,"Sub-Saharan Africa","Lower middle income","Países emergentes y en desarrollo"
"Mauritius","MU",2011,16877.4651716884,3.33207011222839,34.2265053809565,89.25,"Sub-Saharan Africa","Upper middle income","Países emergentes y en desarrollo"
"Mauritius","MU",2012,17249.8932782975,3.41820001602173,40.3749497386409,91.7699966430664,"Sub-Saharan Africa","Upper middle income","Países emergentes y en desarrollo"
"Mauritius","MU",2013,18225.2375702488,3.56775999069214,41.4023953525386,91.4899978637695,"Sub-Saharan Africa","Upper middle income","Países emergentes y en desarrollo"
"Mauritius","MU",2014,19066.4430517664,4.81514978408813,40.0382004235695,92.4700012207031,"Sub-Saharan Africa","Upper middle income","Países emergentes y en desarrollo"
"Mauritius","MU",2015,20011.3333068005,4.75847005844116,37.760738643162,92.7099990844727,"Sub-Saharan Africa","Upper middle income","Países emergentes y en desarrollo"
"Mauritius","MU",2016,21670.4566005949,4.88207006454468,38.4107692617261,93.1600036621094,"Sub-Saharan Africa","Upper middle income","Países emergentes y en desarrollo"
"Mexico","MX",2018,20921.4775260265,4.13945007324219,41.6382789611816,95.379997253418,"Latin America & Caribbean","Upper middle income","Países emergentes y en desarrollo"
"Mexico","MX",2006,14541.6716295608,4.4931697845459,24.5689697265625,91.7300033569336,"Latin America & Caribbean","Upper middle income","Países emergentes y en desarrollo"
"Mexico","MX",2004,12657.8156092307,4.51204013824463,23.7031497955322,90.9499969482422,"Latin America & Caribbean","Upper middle income","Países emergentes y en desarrollo"
"Mexico","MX",2015,19075.3384711297,5.05087995529175,31.9718608856201,94.4700012207031,"Latin America & Caribbean","Upper middle income","Países emergentes y en desarrollo"
"Mexico","MX",2017,20488.7150800441,4.39752006530762,40.3390693664551,94.9700012207031,"Latin America & Caribbean","Upper middle income","Países emergentes y en desarrollo"
"Mexico","MX",2005,13260.2388186669,4.63395023345947,24.130989074707,91.629997253418,"Latin America & Caribbean","Upper middle income","Países emergentes y en desarrollo"
"Mexico","MX",2002,11761.8865901666,4.24307012557983,22.3153591156006,90.2699966430664,"Latin America & Caribbean","Upper middle income","Países emergentes y en desarrollo"
"Mexico","MX",2008,15680.5761933269,4.60609006881714,25.7789402008057,92.9300003051758,"Latin America & Caribbean","Upper middle income","Países emergentes y en desarrollo"
"Mexico","MX",2007,15031.86195805,4.47921991348267,25.1474304199219,92.8000030517578,"Latin America & Caribbean","Upper middle income","Países emergentes y en desarrollo"
"Mexico","MX",2000,11704.3811052518,3.80870008468628,20.5259704589844,90.5400009155273,"Latin America & Caribbean","Upper middle income","Países emergentes y en desarrollo"
"Mexico","MX",2014,18820.7991119337,5.06808996200562,31.2052898406982,94.5599975585938,"Latin America & Caribbean","Upper middle income","Países emergentes y en desarrollo"
"Mexico","MX",2013,18170.2647920555,4.50858020782471,30.3301601409912,93.9599990844727,"Latin America & Caribbean","Upper middle income","Países emergentes y en desarrollo"
"Mexico","MX",2009,15192.6241502056,4.94933986663818,26.2105903625488,93.4400024414062,"Latin America & Caribbean","Upper middle income","Países emergentes y en desarrollo"
"Mexico","MX",2016,20104.5839787472,4.75795984268188,38.589771270752,94.8600006103516,"Latin America & Caribbean","Upper middle income","Países emergentes y en desarrollo"
"Mexico","MX",2010,15908.8603191799,4.93695020675659,27.1670207977295,93.0699996948242,"Latin America & Caribbean","Upper middle income","Países emergentes y en desarrollo"
"Mexico","MX",2011,17266.8129129167,4.90405988693237,28.0361595153809,93.5199966430664,"Latin America & Caribbean","Upper middle income","Países emergentes y en desarrollo"
"Mexico","MX",2012,18004.7935585757,4.88348007202148,29.3496494293213,94.2300033569336,"Latin America & Caribbean","Upper middle income","Países emergentes y en desarrollo"
"Moldova","MD",2014,8643.06431435343,6.33806991577148,52.151516238366,99.3600006103516,"Europe & Central Asia","Upper middle income","Países emergentes y en desarrollo"
"Mongolia","MN",2010,7531.62557442648,4.64510011672974,56.0776786804199,98.2600021362305,"East Asia & Pacific","Upper middle income","Países emergentes y en desarrollo"
"Mongolia","MN",2000,3739.69666851051,5.55037021636963,29.2760200500488,97.7699966430664,"East Asia & Pacific","Upper middle income","Países emergentes y en desarrollo"
"Morocco","MA",2009,6628.57666015625,4.83119010925293,13.0986795425415,56.0800018310547,"Middle East & North Africa","Lower middle income","Países emergentes y en desarrollo"
"Morocco","MA",2008,6437.0634765625,4.85339021682739,12.6373701095581,55.1500015258789,"Middle East & North Africa","Lower middle income","Países emergentes y en desarrollo"
"Morocco","MA",2012,7307.6123046875,5.55294838577208,19.0472282489073,69.1600036621094,"Middle East & North Africa","Lower middle income","Países emergentes y en desarrollo"
"Morocco","MA",2014,7237.27734375,5.48276036642721,25.3112415031422,64.2600021362305,"Middle East & North Africa","Lower middle income","Países emergentes y en desarrollo"
"Mozambique","MZ",2015,1317.88785956822,5.91515660575298,6.73181717702859,56.0400009155273,"Sub-Saharan Africa","Low income","Países emergentes y en desarrollo"
"Mozambique","MZ",2017,1282.74965991801,5.48664999008179,7.24573099191356,60.6599998474121,"Sub-Saharan Africa","Low income","Países emergentes y en desarrollo"
"Myanmar","MM",2018,5581.2769545815,1.99249005317688,20.3723297119141,95.823239379743,"East Asia & Pacific","Lower middle income","Países emergentes y en desarrollo"
"Namibia",NA,2001,5196.15009836199,6.88886976242065,7.40269994735718,84.9400024414062,"Sub-Saharan Africa","Upper middle income","Países emergentes y en desarrollo"
"Namibia",NA,2016,10200.1392609733,10.5927948535144,21.4367036193,88.2018591728156,"Sub-Saharan Africa","Upper middle income","Países emergentes y en desarrollo"
"Namibia",NA,2018,9853.73533646074,8.88112249415185,23.7001690404035,88.3295050309237,"Sub-Saharan Africa","Upper middle income","Países emergentes y en desarrollo"
"Nepal","NP",2017,3604.70825949747,4.76722002029419,11.4357824790838,66.8755351165163,"South Asia","Lower middle income","Países emergentes y en desarrollo"
"Nepal","NP",2001,1388.47045455809,3.70837998390198,4.40957021713257,48.6100006103516,"South Asia","Lower middle income","Países emergentes y en desarrollo"
"Nepal","NP",2008,1942.152996933,3.8051700592041,10.4749002456665,55.5625898340797,"South Asia","Lower middle income","Países emergentes y en desarrollo"
"Nepal","NP",2011,2247.99742932205,3.84261989593506,13.2867385971183,59.6300010681152,"South Asia","Lower middle income","Países emergentes y en desarrollo"
"Nepal","NP",2016,2976.12513681451,3.90320992469788,11.0932748536215,65.5,"South Asia","Lower middle income","Países emergentes y en desarrollo"
"Nepal","NP",2019,4260.67373190851,3.89212886881753,13.8072821953912,68.7099990844727,"South Asia","Lower middle income","Países emergentes y en desarrollo"
"Niger","NE",2018,1275.99643935327,3.44956994056702,4.33801956751366,33.0499992370605,"Sub-Saharan Africa","Low income","Países emergentes y en desarrollo"
"Niger","NE",2012,1161.78908289767,3.1868200302124,1.54284142561837,30.5599994659424,"Sub-Saharan Africa","Low income","Países emergentes y en desarrollo"
"North Macedonia","MK",2002,6395.19347476289,3.30014991760254,26.8072891235352,96.129997253418,"Europe & Central Asia","Upper middle income","Países emergentes y en desarrollo"
"Oman","OM",2003,40934.6957158245,3.40857005119324,14.3313598632812,66.0999984741211,"Middle East & North Africa","High income","Países de altos ingresos"
"Oman","OM",2017,33619.4988982607,5.99594020843506,43.5767818520195,95.5800018310547,"Middle East & North Africa","High income","Países de altos ingresos"
"Oman","OM",2018,37780.3308327271,4.58565998077393,44.9540216505645,95.6500015258789,"Middle East & North Africa","High income","Países de altos ingresos"
"Pakistan","PK",2008,3721.33293561622,2.2726399898529,4.87824010848999,55.5299987792969,"South Asia","Lower middle income","Países emergentes y en desarrollo"
"Pakistan","PK",2009,3777.09098629051,2.17916011810303,5.97273015975952,54.8899993896484,"South Asia","Lower middle income","Países emergentes y en desarrollo"
"Pakistan","PK",2010,3785.70113530595,2.05268001556396,7.03303843576596,55.3800010681152,"South Asia","Lower middle income","Países emergentes y en desarrollo"
"Pakistan","PK",2017,4789.53646557553,2.57616996765137,8.62228080260493,59.1300010681152,"South Asia","Lower middle income","Países emergentes y en desarrollo"
"Pakistan","PK",2018,4979.3734961655,2.33216949688293,8.20683057963381,57.0099983215332,"South Asia","Lower middle income","Países emergentes y en desarrollo"
"Pakistan","PK",2019,5037.53401559745,2.21492004394531,11.103638528678,58,"South Asia","Lower middle income","Países emergentes y en desarrollo"
"Pakistan","PK",2006,3514.81365241137,1.98055994510651,4.39564990997315,54.1500015258789,"South Asia","Lower middle income","Países emergentes y en desarrollo"
"Pakistan","PK",2007,3672.18527458861,2.23465991020203,4.95792007446289,52.1399993896484,"South Asia","Lower middle income","Países emergentes y en desarrollo"
"Pakistan","PK",2011,3879.5977693449,2.00100994110107,7.31739557390399,54.7400016784668,"South Asia","Lower middle income","Países emergentes y en desarrollo"
"Pakistan","PK",2014,4312.99070040776,2.2043399810791,8.74569228544475,56.9799995422363,"South Asia","Lower middle income","Países emergentes y en desarrollo"
"Pakistan","PK",2005,3292.60223269538,1.67058002948761,4.32808017730713,49.8699989318848,"South Asia","Lower middle income","Países emergentes y en desarrollo"
"Pakistan","PK",2012,4046.59848766311,1.97879004478455,8.33303617018241,56.7599983215332,"South Asia","Lower middle income","Países emergentes y en desarrollo"
"Pakistan","PK",2013,4173.93858568758,2.23698997497559,8.71835995772812,55.5900001525879,"South Asia","Lower middle income","Países emergentes y en desarrollo"
"Panama","PA",2000,8097.2957828739,4.89397001266479,42.537109375,91.9000015258789,"Latin America & Caribbean","High income","Países de altos ingresos"
"Paraguay","PY",2010,10893.3149199543,2.7707200050354,37.6179261040957,93.870002746582,"Latin America & Caribbean","Upper middle income","Países emergentes y en desarrollo"
"Paraguay","PY",2007,9178.94421589366,2.73951005935669,31.087760925293,94.5599975585938,"Latin America & Caribbean","Upper middle income","Países emergentes y en desarrollo"
"Peru","PE",2016,12066.5460683317,3.81316995620727,73.2223205566406,94.1699981689453,"Latin America & Caribbean","Upper middle income","Países emergentes y en desarrollo"
"Peru","PE",2005,6559.54330021754,2.83903002738953,32.4608917236328,87.9100036621094,"Latin America & Caribbean","Upper middle income","Países emergentes y en desarrollo"
"Peru","PE",2006,7213.59606031591,2.65281009674072,33.9184188842773,88.6999969482422,"Latin America & Caribbean","Upper middle income","Países emergentes y en desarrollo"
"Peru","PE",2017,12591.8562879234,3.93130993843079,71.2404708862305,94.1500015258789,"Latin America & Caribbean","Upper middle income","Países emergentes y en desarrollo"
"Peru","PE",2004,6037.52025106396,2.95787000656128,32.1658897399902,87.6699981689453,"Latin America & Caribbean","Upper middle income","Países emergentes y en desarrollo"
"Philippines","PH",2019,8924.10116402887,3.40748649142134,30.0548680110365,96.2799987792969,"East Asia & Pacific","Lower middle income","Países emergentes y en desarrollo"
"Philippines","PH",2008,5144.3357818823,2.58282995223999,27.1289901733398,95.4199981689453,"East Asia & Pacific","Lower middle income","Países emergentes y en desarrollo"
"Philippines","PH",2015,6894.26702217935,2.83052303785203,35.8745887819664,98.1800003051758,"East Asia & Pacific","Lower middle income","Países emergentes y en desarrollo"
"Philippines","PH",2003,3761.49624595071,2.93517994880676,27.230110168457,92.5899963378906,"East Asia & Pacific","Lower middle income","Países emergentes y en desarrollo"
"Qatar","QA",2008,126014.918876625,4.22755002975464,11.3421602249146,93.9899978637695,"Middle East & North Africa","High income","Países de altos ingresos"
"Qatar","QA",2011,174619.911359101,4.01223993301392,12.6008552690979,96.4100036621094,"Middle East & North Africa","High income","Países de altos ingresos"
"Qatar","QA",2009,125897.51969409,3.41315007209778,10.1654901504517,94.7200012207031,"Middle East & North Africa","High income","Países de altos ingresos"
"Qatar","QA",2010,151646.217415364,4.53965997695923,9.64273278083432,96.2799987792969,"Middle East & North Africa","High income","Países de altos ingresos"
"Qatar","QA",2004,110957.735359888,3.46258997917175,16.8915996551514,88.9599990844727,"Middle East & North Africa","High income","Países de altos ingresos"
"Qatar","QA",2012,180939.425774901,3.50744009017944,12.2866942772156,96.6800003051758,"Middle East & North Africa","High income","Países de altos ingresos"
"Qatar","QA",2013,169203.26105805,4.07384014129639,14.8707295209095,97.4800033569336,"Middle East & North Africa","High income","Países de altos ingresos"
"Qatar","QA",2014,148389.108964021,3.60535001754761,17.3063613126932,97.75,"Middle East & North Africa","High income","Países de altos ingresos"
"Romania","RO",2002,7162.31731440545,3.5041298866272,33.7016906738281,97.3000030517578,"Europe & Central Asia","High income","Países de altos ingresos"
"Romania","RO",2011,18803.9162452476,2.91359996795654,66.7865829467773,98.5999984741211,"Europe & Central Asia","High income","Países de altos ingresos"
"Russian Federation","RU",2002,8037.474609375,3.83502006530762,65.0104217529297,99.4400024414062,"Europe & Central Asia","High income","Países de altos ingresos"
"Rwanda","RW",2018,2125.49522712839,3.07375001907349,6.76094647714264,73.2200012207031,"Sub-Saharan Africa","Low income","Países emergentes y en desarrollo"
"Rwanda","RW",2014,1677.56869684182,4.19644021987915,7.35861774339014,70.8000030517578,"Sub-Saharan Africa","Low income","Países emergentes y en desarrollo"
"Rwanda","RW",2012,1454.52507891388,4.42103004455566,6.70938666027303,68.3300018310547,"Sub-Saharan Africa","Low income","Países emergentes y en desarrollo"
"Samoa","WS",2017,6280.21500477143,4.18871569584785,13.2596995097127,100,"East Asia & Pacific","Lower middle income","Países emergentes y en desarrollo"
"Samoa","WS",2019,6638.18454759102,4.58404753905646,13.5792119039657,97.9899978637695,"East Asia & Pacific","Lower middle income","Países emergentes y en desarrollo"
"Sao Tome and Principe","ST",2012,2694.65726490631,6.92846012115479,7.83568000793457,90.1399993896484,"Sub-Saharan Africa","Lower middle income","Países emergentes y en desarrollo"
"Saudi Arabia","SA",2004,51225.309265116,6.27747011184692,26.2631301879883,82.8600006103516,"Middle East & North Africa","High income","Países de altos ingresos"
"Saudi Arabia","SA",2000,48643.5914969922,5.90982007980347,28.3759498596191,79.3499984741211,"Middle East & North Africa","High income","Países de altos ingresos"
"Senegal","SN",2013,2768.76818711984,5.68656015396118,10.5725397458545,43.5299987792969,"Sub-Saharan Africa","Lower middle income","Países emergentes y en desarrollo"
"Senegal","SN",2015,2994.28032714875,5.4563798904419,10.8409366679467,43.5900001525879,"Sub-Saharan Africa","Lower middle income","Países emergentes y en desarrollo"
"Senegal","SN",2011,2684.94989722318,4.90302991867065,10.121109956384,51.810001373291,"Sub-Saharan Africa","Lower middle income","Países emergentes y en desarrollo"
"Senegal","SN",2019,3647.95137357242,5.03527021408081,12.60825139125,46.8300018310547,"Sub-Saharan Africa","Lower middle income","Países emergentes y en desarrollo"
"Senegal","SN",2006,2422.09761798858,3.82137989997864,5.46575021743774,41.8899993896484,"Sub-Saharan Africa","Lower middle income","Países emergentes y en desarrollo"
"Senegal","SN",2016,3101.12348494108,5.11309003829956,10.8875992426245,46.0999984741211,"Sub-Saharan Africa","Lower middle income","Países emergentes y en desarrollo"
"Senegal","SN",2009,2605.72280250701,4.92073011398315,7.9150800704956,48.0400009155273,"Sub-Saharan Africa","Lower middle income","Países emergentes y en desarrollo"
"Senegal","SN",2018,3380.21596529445,5.11019992828369,12.4178375059947,46.6100006103516,"Sub-Saharan Africa","Lower middle income","Países emergentes y en desarrollo"
"Senegal","SN",2017,3234.36158194088,4.74007987976074,11.3494415127099,51.9000015258789,"Sub-Saharan Africa","Lower middle income","Países emergentes y en desarrollo"
"Serbia","RS",2019,20586.9939399294,3.45865988731384,67.7898406982422,99.4800033569336,"Europe & Central Asia","Upper middle income","Países emergentes y en desarrollo"
"Serbia","RS",2011,14298.3237802577,4.0735502243042,51.5937690734863,97.9599990844727,"Europe & Central Asia","Upper middle income","Países emergentes y en desarrollo"
"Serbia","RS",2016,16455.0476182167,3.50274991989136,62.1369705200195,98.8399963378906,"Europe & Central Asia","Upper middle income","Países emergentes y en desarrollo"
"Singapore","SG",2012,82107.7270892092,3.07085990905762,101.99681244982,96.370002746582,"East Asia & Pacific","High income","Países de altos ingresos"
"Singapore","SG",2019,105335.291974111,2.72951006889343,91.0889904414776,97.4800033569336,"East Asia & Pacific","High income","Países de altos ingresos"
"Singapore","SG",2016,89901.8159165036,2.94466258946576,83.9409778236648,97.0500030517578,"East Asia & Pacific","High income","Países de altos ingresos"
"Singapore","SG",2010,75400.5557984177,3.08044004440308,93.2696812803906,95.8600006103516,"East Asia & Pacific","High income","Países de altos ingresos"
"Singapore","SG",2011,80052.3914982651,3.03077006340027,95.9817452372883,96.1900024414062,"East Asia & Pacific","High income","Países de altos ingresos"
"Singapore","SG",2017,95744.1821600957,2.87916382421742,84.7929138455372,97.1999969482422,"East Asia & Pacific","High income","Países de altos ingresos"
"Singapore","SG",2018,103963.36329269,2.85660004615784,88.8864453410769,97.3399963378906,"East Asia & Pacific","High income","Países de altos ingresos"
"South Africa","ZA",2019,13361.4851289112,5.9115800857544,22.2442465104023,95.0199966430664,"Sub-Saharan Africa","Upper middle income","Países emergentes y en desarrollo"
"South Africa","ZA",2012,12986.7976675307,5.52323007583618,17.9447234835981,93.7300033569336,"Sub-Saharan Africa","Upper middle income","Países emergentes y en desarrollo"
"South Africa","ZA",2014,13358.9417186608,5.48977994918823,18.4813356370067,94.1399993896484,"Sub-Saharan Africa","Upper middle income","Países emergentes y en desarrollo"
"South Africa","ZA",2015,13397.5234813346,5.48285007476807,19.0332949537661,94.370002746582,"Sub-Saharan Africa","Upper middle income","Países emergentes y en desarrollo"
"South Africa","ZA",2016,13519.3235102376,5.4442400932312,18.9292980324153,91.7399978637695,"Sub-Saharan Africa","Upper middle income","Países emergentes y en desarrollo"
"Spain","ES",2007,32537.3435402735,4.24615001678467,69.2297668457031,97.9400024414062,"Europe & Central Asia","High income","Países de altos ingresos"
"Spain","ES",2009,32201.4773527814,4.89520978927612,71.4311676025391,97.6800003051758,"Europe & Central Asia","High income","Países de altos ingresos"
"Spain","ES",2006,30755.2987888646,4.18001985549927,68.9646224975586,97.75,"Europe & Central Asia","High income","Países de altos ingresos"
"Spain","ES",2011,32015.5752000401,4.71897983551025,80.7240905761719,97.7799987792969,"Europe & Central Asia","High income","Países de altos ingresos"
"Spain","ES",2008,33349.942580613,4.51629018783569,69.4019393920898,97.629997253418,"Europe & Central Asia","High income","Países de altos ingresos"
"Spain","ES",2010,31808.2179879539,4.8360800743103,76.3829116821289,97.75,"Europe & Central Asia","High income","Países de altos ingresos"
"Spain","ES",2018,41015.1565755187,4.15046977996826,92.1748886108398,98.4400024414062,"Europe & Central Asia","High income","Países de altos ingresos"
"Spain","ES",2012,31869.7839822219,4.46011018753052,82.89208984375,97.8899993896484,"Europe & Central Asia","High income","Países de altos ingresos"
"Spain","ES",2013,32613.6891811474,4.32851982116699,85.2132568359375,98.0800018310547,"Europe & Central Asia","High income","Países de altos ingresos"
"Spain","ES",2004,26163.3046245452,4.15485000610352,67.4735717773438,97.1699981689453,"Europe & Central Asia","High income","Países de altos ingresos"
"Spain","ES",2005,27629.7077024966,4.14090013504028,68.1358337402344,97.75,"Europe & Central Asia","High income","Países de altos ingresos"
"Spain","ES",2014,33760.9555646369,4.27524995803833,88.0015563964844,98.0899963378906,"Europe & Central Asia","High income","Países de altos ingresos"
"Spain","ES",2015,35238.0691376424,4.24902009963989,88.5742492675781,98.1399993896484,"Europe & Central Asia","High income","Países de altos ingresos"
"Spain","ES",2016,37612.7188681342,4.19328022003174,89.8067779541016,98.25,"Europe & Central Asia","High income","Países de altos ingresos"
"Sri Lanka","LK",2016,13078.5605089072,3.22929000854492,17.1510485178135,92.3899993896484,"South Asia","Lower middle income","Países emergentes y en desarrollo"
"Sri Lanka","LK",2015,12227.1714849513,2.10998010635376,18.1726459197686,92.5661321359863,"South Asia","Lower middle income","Países emergentes y en desarrollo"
"Sri Lanka","LK",2017,13610.4723136618,2.59316992759705,17.1941300290821,91.9000015258789,"South Asia","Lower middle income","Países emergentes y en desarrollo"
"Sri Lanka","LK",2018,14178.0225361887,1.98781001567841,17.8869756778112,91.7099990844727,"South Asia","Lower middle income","Países emergentes y en desarrollo"
"Sri Lanka","LK",2014,11720.5978114201,1.85859000682831,17.8701919678234,92.5463947764283,"South Asia","Lower middle income","Países emergentes y en desarrollo"
"Sri Lanka","LK",2010,8233.6266381136,1.66177999973297,15.8440563450578,91.1800003051758,"South Asia","Lower middle income","Países emergentes y en desarrollo"
"Sudan","SD",2008,3937.52685546875,1.85150003433227,14.3921899795532,53.5200004577637,"Sub-Saharan Africa","Low income","Países emergentes y en desarrollo"
"Sudan","SD",2000,2616.46459960938,1.01217997074127,6.69480991363525,61.3499984741211,"Sub-Saharan Africa","Low income","Países emergentes y en desarrollo"
"Tajikistan","TJ",2000,1036.12988868059,2.32871007919311,17.1997108459473,99.4499969482422,"Europe & Central Asia","Lower middle income","Países emergentes y en desarrollo"
"Tajikistan","TJ",2003,1395.64684232567,2.42078995704651,18.3057403564453,97.5253222351089,"Europe & Central Asia","Lower middle income","Países emergentes y en desarrollo"
"Tajikistan","TJ",2007,1966.22189890915,3.41326999664307,22.2864494323731,98.2315903673866,"Europe & Central Asia","Lower middle income","Países emergentes y en desarrollo"
"Tajikistan","TJ",2009,2171.36091638488,4.0983099937439,22.5239295959473,100,"Europe & Central Asia","Lower middle income","Países emergentes y en desarrollo"
"Tanzania","TZ",2012,2083.48486328125,4.22964300342458,3.96461947161333,78.0999984741211,"Sub-Saharan Africa","Lower middle income","Países emergentes y en desarrollo"
"Tanzania","TZ",2015,2317.27978515625,4.19486548285076,3.98361077132501,77.8899993896484,"Sub-Saharan Africa","Lower middle income","Países emergentes y en desarrollo"
"Thailand","TH",2013,15215.9492506383,4.12402009963989,49.6879408184566,93.6999969482422,"East Asia & Pacific","Upper middle income","Países emergentes y en desarrollo"
"Thailand","TH",2015,15791.1714762207,3.86397622727286,45.713134717198,92.870002746582,"East Asia & Pacific","Upper middle income","Países emergentes y en desarrollo"
"Thailand","TH",2016,16671.2506902144,3.76761756770937,49.3227291503798,91.9800033569336,"East Asia & Pacific","Upper middle income","Países emergentes y en desarrollo"
"Thailand","TH",2005,10169.0453611636,3.93859004974365,44.3367195129395,93.5100021362305,"East Asia & Pacific","Upper middle income","Países emergentes y en desarrollo"
"Thailand","TH",2010,12932.2633444457,3.50844001770019,46.3783774485726,96.4300003051758,"East Asia & Pacific","Upper middle income","Países emergentes y en desarrollo"
"Thailand","TH",2019,19963.3918407099,3.02221411183282,44.9880040072053,91.2699966430664,"East Asia & Pacific","Upper middle income","Países emergentes y en desarrollo"
"Thailand","TH",2018,18876.2208766741,3.19769395901619,46.1667791174286,93.7699966430664,"East Asia & Pacific","Upper middle income","Países emergentes y en desarrollo"
"Timor-Leste","TL",2010,1955.32969499557,11.1065797805786,17.7029094696045,58.310001373291,"East Asia & Pacific","Lower middle income","Países emergentes y en desarrollo"
"Togo","TG",2015,1879.66940004825,3.71097993850708,10.8146472215817,63.75,"Sub-Saharan Africa","Low income","Países emergentes y en desarrollo"
"Togo","TG",2017,1985.52568595321,3.76526999473572,12.3068653432672,60.9182911842179,"Sub-Saharan Africa","Low income","Países emergentes y en desarrollo"
"Togo","TG",2006,1407.06799926983,2.43237996101379,4.9507098197937,56.8899993896484,"Sub-Saharan Africa","Low income","Países emergentes y en desarrollo"
"Togo","TG",2010,1537.0546089113,2.95977997779846,8.90678270945479,57.2000007629395,"Sub-Saharan Africa","Low income","Países emergentes y en desarrollo"
"Togo","TG",2011,1615.98236269349,3.07750010490417,9.66968081043628,60.4099998474121,"Sub-Saharan Africa","Low income","Países emergentes y en desarrollo"
"Togo","TG",2019,2214.71375053039,4.20164196626882,13.1551472123617,66.5400009155273,"Sub-Saharan Africa","Low income","Países emergentes y en desarrollo"
"Tunisia","TN",2019,12494.7905733455,6.17373240410185,31.4410896301269,80.5500030517578,"Middle East & North Africa","Lower middle income","Países emergentes y en desarrollo"
"Tunisia","TN",2007,9479.35063936328,6.46451997756958,32.1416816711426,77.1900024414062,"Middle East & North Africa","Lower middle income","Países emergentes y en desarrollo"
"Tunisia","TN",2010,10555.0887033221,5.96306991577148,36.0425300598145,79.129997253418,"Middle East & North Africa","Lower middle income","Países emergentes y en desarrollo"
"Tunisia","TN",2008,9975.022321259,6.27157020568848,33.5827484130859,77.7099990844727,"Middle East & North Africa","Lower middle income","Países emergentes y en desarrollo"
"Tunisia","TN",2004,7671.84535965305,6.72078990936279,28.3220500946045,74.3000030517578,"Middle East & North Africa","Lower middle income","Países emergentes y en desarrollo"
"Tunisia","TN",2012,10614.531301194,5.95086002349854,36.0693092346191,80.2200012207031,"Middle East & North Africa","Lower middle income","Países emergentes y en desarrollo"
"Turkiye","TR",2013,22373.2465583744,4.34481000900269,79.6469573974609,95.2600021362305,"Europe & Central Asia","Upper middle income","Países emergentes y en desarrollo"
"Turkiye","TR",2014,24105.0237978098,4.41258001327515,86.9976806640625,95.4400024414062,"Europe & Central Asia","Upper middle income","Países emergentes y en desarrollo"
"Turkiye","TR",2015,25862.6846048907,4.30550003051758,95.5645065307617,95.5999984741211,"Europe & Central Asia","Upper middle income","Países emergentes y en desarrollo"
"Turkiye","TR",2016,26695.915689876,4.62773990631104,103.71558380127,95.8600006103516,"Europe & Central Asia","Upper middle income","Países emergentes y en desarrollo"
"Turkiye","TR",2017,28193.1744851997,4.32368993759155,110.534072875977,96.1500015258789,"Europe & Central Asia","Upper middle income","Países emergentes y en desarrollo"
"Turkiye","TR",2011,19590.9510387254,4.221519947052,61.516300201416,94.1100006103516,"Europe & Central Asia","Upper middle income","Países emergentes y en desarrollo"
"Turkiye","TR",2012,20627.4920606022,4.38721990585327,70.1044998168945,94.9199981689453,"Europe & Central Asia","Upper middle income","Países emergentes y en desarrollo"
"Turkiye","TR",2019,28461.1778708152,4.44776010513306,117.005470275879,96.7399978637695,"Europe & Central Asia","Upper middle income","Países emergentes y en desarrollo"
"Uganda","UG",2014,2134.00916281741,1.91472005844116,4.61899995803833,68.5100021362305,"Sub-Saharan Africa","Low income","Países emergentes y en desarrollo"
"Uganda","UG",2010,2091.55963145331,1.72739994525909,3.9166100025177,73.2099990844727,"Sub-Saharan Africa","Low income","Países emergentes y en desarrollo"
"Uganda","UG",2012,2031.94669538814,1.79746997356415,3.74987006187439,70.1999969482422,"Sub-Saharan Africa","Low income","Países emergentes y en desarrollo"
"Ukraine","UA",2001,4746.85791015625,4.52568006515503,52.9101104736328,99.4300003051758,"Europe & Central Asia","Upper middle income","Países emergentes y en desarrollo"
"United Arab Emirates","AE",2019,76884.9468983345,3.86020994186401,53.8814655213653,97.7799987792969,"Middle East & North Africa","High income","Países de altos ingresos"
"Uruguay","UY",2006,13179.3881134044,2.85664010047913,45.3399810791016,97.7900009155273,"Latin America & Caribbean","High income","Países de altos ingresos"
"Uruguay","UY",2011,19135.3636964186,4.14937019348145,52.5558159999377,98.3399963378906,"Latin America & Caribbean","High income","Países de altos ingresos"
"Uruguay","UY",2012,19495.4223660846,4.09353338283242,54.7069093768187,98.4000015258789,"Latin America & Caribbean","High income","Países de altos ingresos"
"Uruguay","UY",2013,20661.3793411187,4.23892021179199,59.9512588300598,98.3600006103516,"Latin America & Caribbean","High income","Países de altos ingresos"
"Uruguay","UY",2014,21867.8112276315,4.26735019683838,59.826704311423,98.4400024414062,"Latin America & Caribbean","High income","Países de altos ingresos"
"Uruguay","UY",2015,22168.6114189676,4.20636987686157,57.7897211461691,98.5199966430664,"Latin America & Caribbean","High income","Países de altos ingresos"
"Uruguay","UY",2016,22840.5507069805,4.36420011520386,59.6462945758069,98.5599975585938,"Latin America & Caribbean","High income","Países de altos ingresos"
"Uruguay","UY",2017,23606.6278007958,4.41787004470825,59.7518904286933,98.620002746582,"Latin America & Caribbean","High income","Países de altos ingresos"
"Uruguay","UY",2018,24386.4948473952,4.60361003875732,60.2781342968002,98.6999969482422,"Latin America & Caribbean","High income","Países de altos ingresos"
"Uruguay","UY",2019,25782.6890198871,4.62833976745605,61.9644279466795,98.7699966430664,"Latin America & Caribbean","High income","Países de altos ingresos"
"Uzbekistan","UZ",2013,6412.7238692872,5.74190998077393,7.97676963416095,99.9899978637695,"Europe & Central Asia","Lower middle income","Países emergentes y en desarrollo"
"Uzbekistan","UZ",2014,6609.76717277708,5.71323013305664,7.99231869405469,99.9800033569336,"Europe & Central Asia","Lower middle income","Países emergentes y en desarrollo"
"Uzbekistan","UZ",2015,6799.57332842183,5.49444007873535,8.05320814639575,99.9800033569336,"Europe & Central Asia","Lower middle income","Países emergentes y en desarrollo"
"Uzbekistan","UZ",2016,6919.29475621804,5.38089990615845,8.33958377998093,99.9899978637695,"Europe & Central Asia","Lower middle income","Países emergentes y en desarrollo"
"Uzbekistan","UZ",2018,8128.75520303523,4.83589298172277,9.95855522351711,99.9899978637695,"Europe & Central Asia","Lower middle income","Países emergentes y en desarrollo"
"Uzbekistan","UZ",2019,8544.08026729718,6.29534678547216,13.0316667432446,100,"Europe & Central Asia","Lower middle income","Países emergentes y en desarrollo"
"Venezuela, RB","VE",2009,16794.5394944048,6.87468004226685,78.2699203491211,95.5100021362305,"Latin America & Caribbean","Not classified","Países emergentes y en desarrollo"
"Viet Nam","VN",2009,5060.73212267196,4.81650018692017,21.5007190704346,93.5199966430664,"East Asia & Pacific","Lower middle income","Países emergentes y en desarrollo"
"Viet Nam","VN",2019,11029.2732083963,3.08499832693462,30.2241191864014,95.75,"East Asia & Pacific","Lower middle income","Países emergentes y en desarrollo"
"West Bank and Gaza","PS",2010,4120.86066344952,6.19167995452881,45.0943742403046,94.7200012207031,"Middle East & North Africa","Lower middle income","Países emergentes y en desarrollo"
"West Bank and Gaza","PS",2011,4494.7313227255,5.33527994155884,47.5094364758648,95.0299987792969,"Middle East & North Africa","Lower middle income","Países emergentes y en desarrollo"
"West Bank and Gaza","PS",2012,5214.64865399127,4.74210977554321,47.0416991089195,95.6699981689453,"Middle East & North Africa","Lower middle income","Países emergentes y en desarrollo"
"West Bank and Gaza","PS",2013,5287.84746119629,4.89467000961304,45.2354836861858,96.0500030517578,"Middle East & North Africa","Lower middle income","Países emergentes y en desarrollo"
"West Bank and Gaza","PS",2015,5769.98236633203,4.66321992874146,46.0871831764203,96.4800033569336,"Middle East & North Africa","Lower middle income","Países emergentes y en desarrollo"
"West Bank and Gaza","PS",2016,6062.23274844577,4.98296022415161,45.3924907557838,96.7200012207031,"Middle East & North Africa","Lower middle income","Países emergentes y en desarrollo"
"West Bank and Gaza","PS",2017,6106.64574037122,4.72153997421265,45.5044081379083,96.9199981689453,"Middle East & North Africa","Lower middle income","Países emergentes y en desarrollo"
